word,frequency
vận_động_viên,1471
trong,1409
đang,1397
một,1248
cú,868
và,858
của,842
đầy,805
những,779
sự,767
với,757
cho,720
đấu,681
trên,617
thể_hiện,615
này,542
chuẩn_bị,518
trận,506
mạnh_mẽ,474
khi,454
các,448
ánh,446
cô,437
quyết_tâm,435
bóng,416
giữa,415
từng,414
sức_mạnh,398
tạo,394
khoảnh_khắc,371
kịch_tính,368
người,362
ấy,337
nước,333
cầu_thủ,319
nên,316
không_khí,311
vào,307
căng_thẳng,304
sân,288
lên,278
ra,277
cuộc,273
hai,267
môn,262
quyết_định,259
đẹp,258
qua,253
tuyệt_vời,245
thể_thao,244
hồi_hộp,242
tập_trung,242
sẵn_sàng,241
chèo,239
mắt,233
mọi,231
anh,228
tay,223
khán_giả,221
đánh,219
từ,216
trước,211
xanh,211
thuyền,208
tuyệt,203
chiến_thắng,203
chiếc,198
như,197
đua,191
đội,190
không,187
nhảy,182
thực_hiện,182
động_tác,178
hoàn_hảo,176
gái,174
cao,170
là,170
dưới,167
tinh_thần,166
kỹ_thuật,165
rực_rỡ,165
đối_thủ,164
sáng,161
hình_ảnh,161
nhìn,160
thật,159
khung_cảnh,159
tự_tin,157
bắn,155
chinh_phục,155
ngựa,155
không_gian,154
đến,152
đều,150
để,150
thử_thách,149
mang,148
mình,147
phía,147
vượt,142
về,141
áo,140
xuất_sắc,139
lao,138
pha,138
bay,136
ném,136
ấn_tượng,133
cuộc_chiến,132
quyết_liệt,130
bơi,130
ánh_sáng,127
diễn,127
bước,127
cùng,124
mỗi,123
chờ_đợi,122
lặn,120
không_thể,118
nơi,118
sôi_động,118
nắng,117
thi_đấu,116
đường,116
nghệ_thuật,115
màn,110
khiến,109
mãnh_liệt,105
tới,105
hấp_dẫn,102
lại,102
sẽ,101
cung,100
lướt,99
toả,98
bên,98
kiếm,98
được,97
mặt_nước,97
nổi_bật,96
bầu_không_khí,96
tranh,94
võ_sĩ,94
họ,94
tốc_độ,92
cảm_xúc,92
sắp,92
tạ,92
đã,91
điêu_luyện,89
đèn,88
tại,87
nỗ_lực,87
giải,87
làm,86
sóng,86
kỹ_năng,85
golf,85
đứng,85
giây_phút,84
nhanh,84
giành,83
nhau,83
đổ_dồn,83
sàn,82
tấn_công,82
chân,82
thi,81
nâng,81
trình_diễn,80
hãy,79
tài_năng,79
ngoạn_mục,79
đôi,78
đỉnh_cao,78
trắng,78
khéo_léo,77
niềm,76
bơi_lội,74
không_trung,74
bùng_nổ,74
trang_phục,74
hướng,72
ai,72
judo,72
cảm_giác,71
đường_đua,71
cưỡi,69
phấn_khích,69
tay_đua,69
cao_độ,68
xuống,68
chiếu,68
chiến_đấu,67
nhưng,67
thiên_nhiên,67
vợt,66
gió,66
làn,65
xe_đạp,65
chạy,65
hồ,64
đáng,64
hoà_quyện,64
tuyết,63
đòn,62
bóng_nước,62
ghi_điểm,61
tung,61
mãn,61
tập,60
đỏ,60
đá,60
vàng,60
chờ,60
nhãn,60
buổi,59
chính_xác,59
cảnh_tượng,59
nhịp,58
sau,58
cầu,58
bức,57
tay_vợt,56
tập_luyện,55
biển,55
tài,55
xem,55
trẻ,55
đi,54
vẻ,54
cổ_vũ,53
sức,53
lấp_lánh,53
tennis,53
cả,53
trượt_tuyết,52
bối_cảnh,52
mục_tiêu,52
cầu_lông,52
đấm,51
di_chuyển,51
mặt,51
tất_cả,50
lớn,50
ta,50
phản_chiếu,49
đây,48
dòng,48
tư_thế,47
lan_toả,47
hành_động,47
chơi,47
chỉ,47
quả,46
con,46
đại_dương,46
nữ,46
lòng,46
sân_cỏ,46
ở,45
vừa,45
điều_khiển,45
tràn_đầy,45
đạp,44
vui,44
bóng_bàn,44
mồ_hôi,44
taekwondo,44
nhà,44
chiếu_rọi,44
bóng_chuyền,43
cuồng_nhiệt,43
số,43
cạnh_tranh,43
dũng_cảm,43
sống_động,43
bộ_đồ,43
rời,43
thủ,42
có_thể,42
rugby,42
đón,41
tĩnh_lặng,41
đam_mê,41
năng_lượng,41
golfer,41
mạo_hiểm,41
quên,41
gay_cấn,41
mũi_tên,40
thở,40
khung_thành,40
nghẹt_thở,40
Taekwondo,40
giọt,40
dồn,40
hoà_mình,40
gần,40
trở_nên,40
phối_hợp,40
hứa_hẹn,39
cười,39
sút,39
bứt_phá,39
tiếng,38
Ronaldo,38
cơn,38
đưa,38
chạm,38
kiên_cường,38
bất_ngờ,38
sâu,37
xe,37
đen,37
khám_phá,37
giây,37
tiến,36
chú,36
đông,36
hàng,36
cách,36
đồng_đội,36
bao_trùm,36
chiến_thuật,35
thách_thức,35
tung_toé,35
theo_dõi,35
bầu_trời,35
nhiệt_huyết,35
cơ_bắp,35
tinh_tế,34
hiện,34
trái,34
giao_bóng,34
nhẹ_nhàng,34
cam_go,34
hoàng_hôn,34
theo,33
cây,33
một_cách,33
luyện_tập,33
nhắm,33
dũng_mãnh,33
rõ,33
đập,33
khỏi,33
vòng,33
đích,33
bắt_đầu,33
yên_bình,32
vượt_trội,32
ngừng,32
hết_mình,32
phong_cách,32
xung_quanh,32
nụ,32
màu,32
thể_dục,31
biểu_diễn,31
khẳng_định,31
đối_phương,31
mạnh,31
thấy,31
tuyệt_đối,31
hâm_mộ,31
bể_bơi,31
mát,31
chăm_chú,31
còn,31
buồm,30
ghi_bàn,30
tối_đa,30
quan_trọng,30
thủ_môn,30
có,30
giữ,30
bật,30
đẹp_mắt,30
kết_hợp,29
bàn,29
ngôi_sao,29
quyết_đoán,29
trượt,29
cái,29
nắm,29
trời,28
hào_hứng,28
phải,28
chuyên_nghiệp,28
kinh_ngạc,28
nét,28
cầm,28
ăn_mừng,28
kỳ_diệu,28
mặt_trời,28
tự_do,28
căng,28
nhanh_nhẹn,27
chiến,27
boxing,27
khốc_liệt,27
áp_lực,27
nhớ,26
phòng,26
tràn_ngập,26
chi_tiết,26
vươn,26
cạnh,26
nhất,26
ngăn_cản,26
nằm,26
chú_ý,26
dâng,26
triathlon,26
vươn_mình,25
thêm,25
chuẩn_xác,25
bóng_rổ,25
biển_cả,25
tận_hưởng,25
gậy,25
chiến_binh,24
dài,24
hành_trình,24
cảm_hứng,24
sân_vận_động,24
văng,24
thẳm,24
đối_mặt,24
chắc_chắn,24
màu_sắc,24
phi_thường,24
vinh_quang,23
lung_linh,23
vút,23
nổi,23
vung,23
chặt,23
giới_hạn,23
sôi_nổi,23
chính,23
Nam_Phi,23
không_chỉ,23
dẻo_dai,23
táo_bạo,22
mướt,22
rất,22
bộ,22
rộng_lớn,22
bạn,22
bản_lĩnh,22
chứng_tỏ,22
mờ_ảo,22
reo_hò,22
khó,22
giày,22
khí_thế,22
thảm,22
lấy,22
làn_sóng,22
cơ_hội,22
xa,22
biểu_tượng,22
đấu_trường,22
đám,22
vô_địch,22
giờ,22
nóng_bỏng,22
cố_gắng,21
khả_năng,21
huyền_ảo,21
phát_bóng,21
mét,21
hò_reo,21
thế_giới,21
trào,21
đối_đầu,21
hy_vọng,21
nền,21
cuốn_hút,20
mà_còn,20
phòng_ngự,20
thuyền_buồm,20
khoan_nhượng,20
yên_tĩnh,20
núi,20
mùa,20
rơi,20
mơ,20
chói_chang,20
tự_hào,20
rạng_rỡ,20
cuồn_cuộn,20
nhảy_cao,20
bóng_ném,20
lăn,20
thẳng,20
hơn,20
tăng,20
thắng,20
gì,20
đoàn_kết,20
cỏ,19
vững,19
phô_diễn,19
cá,19
anh_chàng,19
hùng_vĩ,19
cánh,19
rổ,19
thành,19
giơ,19
điểm,19
ván,19
điều,19
ngừng_nghỉ,19
đội_tuyển,19
ghi,19
giấc,18
huy_chương,18
swing,18
ngay,18
sắc,18
xuống_nước,18
điểm_số,18
bao_la,18
sáng_rực,18
huyền_bí,18
cực_kỳ,18
cận_cảnh,18
sức_sống,18
uyển_chuyển,18
so,18
tình_huống,18
sĩ,18
chàng,18
bộ_môn,18
mới,18
xoay,18
kiên_trì,18
vẫn,18
trắng_xoá,18
đô_vật,18
thật_sự,18
nhỏ,18
lưới,18
xuất_phát,18
bằng,18
sân_khấu,17
chiều,17
kết_nối,17
chớp,17
tin,17
vững_vàng,17
khó_khăn,17
vào_cuộc,17
tàu,17
đội_hình,17
gây,17
kiêu_hãnh,17
thời_gian,16
bước_đi,16
khuôn_mặt,16
bị,16
sắc_bén,16
tiếp_theo,16
mà,16
đẩy,16
đâm,16
cực,16
nín,16
vô_cùng,16
gương_mặt,16
bản_thân,16
bờ,16
kiểm_soát,16
hiểm_hóc,16
lúc,15
bé,15
nhanh_chóng,15
băng,15
hứng_khởi,15
phiêu_lưu,15
chuyển_động,15
thú_vị,15
tuổi,15
nhát,15
bàn_tay,15
ngưỡng_mộ,15
dấu_ấn,15
nóng,15
cử,15
trôi,15
thu_hút,14
xanh_biếc,14
qua_mặt,14
trải,14
nàng,14
càng,14
tình,14
nhịp_nhàng,14
ý_chí,14
trái_tim,14
cát,14
cứu,14
cảm_nhận,14
hạnh_phúc,14
khán_đài,14
chóng_mặt,14
tìm,14
thế,14
dứt_khoát,14
tính,14
tưởng_tượng,14
lợi_thế,14
liệu,14
hiện_đại,14
Real_Madrid,14
bỏ,14
dứt_điểm,13
dẫn,13
khoe,13
hoà,13
chứng_kiến,13
toát,13
mặc,13
kìa,13
lái,13
thổi,13
tột_độ,13
thanh,13
dây,13
nhiều,13
vang,13
rõ_ràng,13
dường_như,13
dây_cung,13
hăng_say,13
âm_thanh,13
bóng_đá,13
trở_thành,13
cuối_cùng,13
cống_hiến,13
thơ_mộng,13
hình,13
vỡ,13
sông,13
linh_hoạt,13
giao_tranh,13
kỵ_sĩ,13
rowing,13
thuỷ_thủ,12
lỡ,12
trai,12
đẳng_cấp,12
khởi_đầu,12
sườn,12
mái_chèo,12
rỡ,12
tăng_tốc,12
rừng,12
Olympic,12
không_thể_nào,12
bài_tập,12
chặt_chẽ,12
ngồi,12
tận_dụng,12
dốc,12
xuyên,12
đồng_bộ,12
vì,12
thay_đổi,12
hoàn_thành,12
kiên_nhẫn,12
đấu_vật,12
đấu_thủ,12
ngày,12
cậu,12
phút_giây,12
kéo,12
trọng_tài,12
đĩa,12
bọt,12
yêu,12
New_Zealand,12
phản_công,12
cơ_thể,11
nảy_lửa,11
đất,11
xử_lý,11
oà,11
vạch,11
lý_tưởng,11
trong_lành,11
động_lực,11
cũng,11
phát,11
xảy,11
kỹ_lưỡng,11
điều_chỉnh,11
minh_chứng,11
hoàn_toàn,11
khắp,11
chói,11
tốc,11
thăng_bằng,11
hơn_bao_giờ_hết,11
bay_lượn,11
chặng,11
đai,11
thư_giãn,11
ba,11
mê_hoặc,11
nhào_lộn,11
bình_yên,11
dậy,11
nhẹ,11
tranh_chấp,11
nguy_hiểm,11
lặng_lẽ,11
nặng,11
hết_sức,11
chắc,11
thời_khắc,11
trầm_trồ,11
cúp,11
nhiệt_tình,11
vững_chãi,10
náo_nhiệt,10
con_người,10
bảo_vệ,10
kayak,10
đồi,10
lịch_sử,10
sắc_màu,10
cột,10
lạnh,10
G,10
dẫn_dắt,10
huyền_thoại,10
phòng_thủ,10
kiên_định,10
thể_lực,10
lớp,10
khắc_nghiệt,10
ngã,10
thứ,10
tìm_kiếm,10
vị_trí,10
nhóm,10
ngập_tràn,10
huấn_luyện_viên,10
phong_độ,10
thợ,10
tuyệt_đỉnh,10
uy_lực,10
chuyền,10
dừng,10
đoạn,10
khát_khao,10
ngắm,10
điền_kinh,10
đầu,9
ngọn,9
tuyệt_mỹ,9
bắt,9
cặp,9
bùng,9
vỗ_về,9
hưng_phấn,9
thành_công,9
thả,9
quanh,9
bao,9
handball,9
phần,9
Cristiano_Ronaldo,9
nghị_lực,9
độc_đáo,9
cục_diện,9
địa_hình,9
thực_sự,9
xuồng,9
rực,9
mũ,9
đấu_sĩ,9
tình_yêu,9
đỉnh,9
trải_nghiệm,9
tâm_huyết,9
quyến_rũ,9
vỗ_tay,9
góc,9
vài,9
hoàn_mỹ,9
phủ,9
quay,9
phút,9
bứt,9
ăn_ý,9
ngoài,9
nào,9
yên,9
bánh_xe,9
trúng,9
phong_thái,9
USA,9
tên,9
luôn,9
nước_rút,8
rèn_luyện,8
cản,8
khắp_nơi,8
đột_phá,8
cảnh,8
lạnh_giá,8
khao_khát,8
số_phận,8
cảnh_vật,8
tranh_giành,8
cần,8
chiếm,8
nghiêm_túc,8
biểu_cảm,8
lướt_ván,8
rướn,8
cam,8
sát,8
kỷ_niệm,8
bãi,8
nhịp_điệu,8
khối,8
khổng_lồ,8
đạt,8
trắng_tinh,8
sức_lực,8
bí_ẩn,8
ra_sức,8
lửa,8
làm_nên,8
nữa,8
cờ,8
rằng,8
đáy,8
háo_hức,8
kính,8
đó,8
thăng_hoa,8
hơi,8
bao_giờ,8
trẻ_trung,8
giúp,8
biến,8
hôm_nay,8
nhận,8
đắm_chìm,8
dõi,8
kiếm_thuật,8
sống,8
chưa,8
bụi,7
phóng,7
tươi_đẹp,7
cổ_động_viên,7
sáng_tạo,7
đỏ_rực,7
hết,7
trong_vắt,7
ra_tay,7
thành_tích,7
sâu_sắc,7
chụp,7
thế_trận,7
san_hô,7
lực,7
vui_vẻ,7
tâm_trạng,7
mong_chờ,7
bốn,7
vĩ_đại,7
đánh_dấu,7
đầu_tiên,7
gặp,7
thể_dục_dụng_cụ,7
sinh_động,7
cắt,7
hội_tụ,7
danh_giá,7
đường_phố,7
sắp_sửa,7
quần_vợt,7
Ireland,7
lơ_lửng,7
tự_nhiên,7
toàn_bộ,7
quyền_anh,7
không_tưởng,7
ngang,7
đuổi,7
muốn,7
năng_động,7
xà,7
lướt_sóng,7
gắn_kết,7
võ_đài,7
đội_ngũ,7
lưng,7
khúc,7
lá,7
cảnh_sắc,7
dáng,7
đúng,7
thích,7
cánh_tay,7
sôi_sục,7
tấm,7
xuất_hiện,7
quan_sát,7
bền_bỉ,7
ném_đĩa,7
dịu_dàng,7
nồng_nhiệt,7
lỗ,7
đồng_hành,6
gia_tăng,6
yên_ả,6
giao_thoa,6
hút,6
độ,6
tiếp,6
phản_xạ,6
phẳng_lặng,6
thể_hình,6
môi_trường,6
cao_trào,6
thần_thái,6
đoàn,6
quý_giá,6
hiện_thực,6
nện,6
gồng,6
rượt,6
hân_hoan,6
nghệ_sĩ,6
7,6
Ali,6
cẩn_thận,6
chào_đón,6
thời_điểm,6
chìm,6
toàn,6
Úc,6
hề,6
khí,6
tầm,6
kịp,6
viên,6
lăn_tăn,6
tán,6
khơi,6
ưu_thế,6
đỉnh_điểm,6
chứng_minh,6
kĩ_thuật,6
bài,6
đổ,6
hoành_tráng,6
đồng_phục,6
Juventus,6
thua,6
ngăn_chặn,6
nhà_thi_đấu,6
tối,6
wrestling,6
gỗ,6
chim,6
tạo_dáng,6
bay_bổng,6
đợt,6
găng_tay,6
khuất_phục,6
All_Blacks,6
quyết_chiến,6
tín_hiệu,6
kinh_nghiệm,6
hoang_dã,6
cảnh_quan,6
cua,6
đặt,6
nhí,6
chủ,6
chướng_ngại_vật,5
hừng_hực,5
nhấn,5
huy_hoàng,5
tích,5
kịch,5
như_thể,5
đắm,5
quyết,5
gợi,5
Brazil,5
gym,5
vùng,5
mềm_mại,5
lực_sĩ,5
cử_động,5
phạt,5
Progers,5
cân_bằng,5
cuộc_sống,5
xanh_tươi,5
lôi_cuốn,5
ảnh,5
in,5
mênh_mông,5
Beckham,5
người_hùng,5
khoảng_cách,5
việc,5
trở_lại,5
áo_giáp,5
vững_chắc,5
Fukushima,5
chao_đảo,5
hồi,5
cản_phá,5
chớp_nhoáng,5
Gamero,5
Madison_Keys,5
điềm_tĩnh,5
tươi_sáng,5
dồn_dập,5
nghỉ_ngơi,5
nay,5
ngược,5
lộn,5
ôm,5
Gonzaga,5
kỷ_luật,5
lãng_mạn,5
Takahashi,5
bình_tĩnh,5
gọn_gàng,5
polo,5
bừng,5
bục,5
Nhật_Bản,5
xạ_thủ,5
mặt_nạ,5
nghỉ,5
đừng,5
xanh_ngắt,5
hiểm_trở,5
thảo_luận,5
chất_lượng,5
chuyên_dụng,5
bởi,5
đặc_biệt,5
nhấc,5
chặn_đứng,5
ngần_ngại,5
kết_thúc,5
tràn,5
đấu_tranh,5
quạt,5
khung,5
sẵn,5
dày,5
thần_thánh,5
bão_tuyết,5
câu_chuyện,5
đàn,5
cấn,5
quá,5
hết_sức_lực,5
tường,5
quật,5
mở,5
Federer,5
chối_từ,5
đà,5
duyên_dáng,5
treo,5
cano,5
đồng_điệu,5
badminton,5
chia_sẻ,5
phong_cảnh,5
va_chạm,5
dễ_dàng,5
dẫn_đầu,5
mưa,5
chiếc_bóng,5
chất,5
nghiêng,5
biểu_thị,5
sắc_sảo,5
cúi,5
chân_trời,5
sức_ép,5
giương,5
đồng_loạt,5
rào_cản,5
Judo,5
thán_phục,5
Yoshimura,5
khởi_động,5
khu_vực,5
tựa,5
trước_mắt,5
tiên,5
tâm,5
say_đắm,5
đỡ,5
trả,5
tỉ_mỉ,4
theo_đuổi,4
bông,4
chảy,4
ngồi_không,4
nỗi,4
sắc_lạnh,4
kề,4
giai_đoạn,4
đậm,4
kình_ngư,4
ngọc,4
đặc_trưng,4
tâm_hồn,4
thuyền_trưởng,4
Randy_Orton,4
đẩy_mạnh,4
duy_trì,4
hùng_mạnh,4
tỏ,4
kỳ_vọng,4
mất,4
trao_đổi,4
đồng_lòng,4
nhanh_nhạy,4
chiều_tà,4
diễn_biến,4
lần,4
hoàn_thiện,4
ý_nghĩa,4
mặt_đất,4
đánh_bật,4
vọt,4
nhịp_độ,4
trọn_vẹn,4
múa,4
tia,4
dữ_dội,4
vòng_vây,4
hoang_sơ,4
ngàn,4
trở_ngại,4
Kobe_Bryant,4
chăm_chỉ,4
Wales,4
kết_quả,4
dụng_cụ,4
sớm,4
hứng,4
Cổ_động_viên,4
chém,4
Hàn_Quốc,4
hạ,4
gục,4
chậm_rãi,4
Hazard,4
tâm_trí,4
săn,4
thể_dục_nhịp_điệu,4
áo_choàng,4
mỉm,4
tác_phẩm,4
Raptors,4
xanh_rì,4
Muhammad_Ali,4
sân_chơi,4
Kobe,4
cháy,4
phấn_khởi,4
nhường,4
xuống_dốc,4
chịu,4
hồng,4
Đức,4
soi,4
thành_viên,4
gợn,4
vang_vọng,4
ring,4
khát_vọng,4
tay_lái,4
gương,4
lại_sức,4
áp_đảo,4
chuyến,4
dấu,4
tình_cảm,4
bể,4
tương_lai,4
bước_ngoặt,4
khẩu_cung,4
Borgia,4
cuối,4
tích_cực,4
bảo_hộ,4
hậu_vệ,4
hăng_hái,4
hài_hoà,4
trán,4
tím,4
tạm,4
hàng_đầu,4
đoạt,4
núi_non,4
phá,4
2022,4
vũ_điệu,4
đường_nét,4
trí_tuệ,4
của_anh,4
say_mê,4
tên_lửa,4
vật,4
sát_cánh,4
đằng,4
nổi_tiếng,4
đem,4
15,4
mượt_mà,4
chắn,4
thoát,4
sắc_lẹm,4
em,4
tâm_lý,4
thềm,4
gấp_gáp,4
tươi,4
dunk,4
can_đảm,4
cuộn,3
dấu_vết,3
nhằn,3
nhấp_nhô,3
kỷ_lục,3
kỳ_tích,3
lạnh_lẽo,3
bốc,3
kéo_dài,3
vẫy,3
năm,3
tranh_đấu,3
rộn_ràng,3
chiêm_ngưỡng,3
bia,3
né_tránh,3
chứa_đựng,3
chống_đỡ,3
vỗ,3
gắn_bó,3
rung_chuyển,3
giao_đấu,3
bất_khuất,3
khoẻ_mạnh,3
đáp,3
hỗ_trợ,3
tuyệt_diệu,3
bám,3
xám,3
âm_u,3
lượt,3
nhộn_nhịp,3
hàng_loạt,3
chạm_trán,3
loá,3
12,3
leo,3
phấn_đấu,3
bóng_dáng,3
thúc_đẩy,3
Gaméz,3
2012,3
đồng,3
sắp_xếp,3
Thế_giới,3
kiểm_tra,3
lớn_lao,3
fan,3
Mỹ,3
Ironman_Cozumel,3
hoa,3
gia_đình,3
2024,3
mời_gọi,3
tột_đỉnh,3
xứng_đáng,3
mong_đợi,3
thưởng_thức,3
im_lìm,3
Messi,3
tốt,3
dấn_thân,3
tụ_tập,3
đêm,3
hô_hào,3
chó,3
30,3
hè,3
vệt,3
động_viên,3
lắng_đọng,3
chiến_lược,3
giải_thưởng,3
chai,3
phản_ánh,3
khoẻ_khoắn,3
mượt,3
putt,3
thử,3
khôi,3
bệ,3
đua_tranh,3
chiến_trường,3
cuốn,3
bẫy,3
tột_cùng,3
cương,3
19,3
nhấn_mạnh,3
hoà_nhịp,3
cầu_vồng,3
phía_anh,3
giao_tiếp,3
truyền_cảm,3
nước_biển,3
kỳ_thú,3
triển_khai,3
dùng,3
hay,3
tảng,3
về_anh,3
làng,3
ấm_áp,3
tình_thế,3
nhảy_cầu,3
dấu_hiệu,3
tóc,3
thám_hiểm,3
chào,3
điều_kiện,3
chủ_nhân,3
sự_nghiệp,3
đánh_bại,3
nội_tâm,3
thế_hệ,3
hoan_hô,3
thời_tiết,3
vận_động,3
ướt_đẫm,3
Bồ_Đào_Nha,3
đồng_diễn,3
cháy_bỏng,3
boong,3
còi,3
14,3
mũi,3
tươi_mát,3
56,3
quyết_đấu,3
thần,3
bà,3
phồng,3
Usain_Bolt,3
chao,3
6,3
cửa_kính,3
khoá,3
êm_đềm,3
tứ_tung,3
bão,3
Triathlon,3
Serena,3
dương,3
lượn,3
sương_mù,3
vô_bờ,3
nuôi_dưỡng,3
vai,3
gay_gắt,3
chăm_chút,3
rọi,3
ngờ,3
hướng_dẫn,3
lớp_học,3
học_hỏi,3
phụ_nữ,3
giờ_đây,3
học_viên,3
Thế_trận,3
đấu_trí,3
lội,3
cường_độ,3
mát_mẻ,3
sức_bền,3
chặn,3
dễ,3
trò_chơi,3
khom,3
điệu_nghệ,3
diệu_kỳ,3
kết,3
khắc_hoạ,3
Wimbledon,3
cầu_thang,3
yếu,3
sợi,3
chuẩn_mực,3
cao_tay,3
đối_diện,3
mũ_bảo_hiểm,3
chỉ_dẫn,3
cá_heo,3
Lakers,3
đảm_bảo,3
điệu,3
đội_trưởng,3
xanh_lam,3
chủ_động,3
tài_nghệ,3
thú,3
hàng_rào,3
tai,3
cá_mập,3
nội_lực,3
Sevilla,3
nhảy_vọt,3
ski,3
bóng_bẩy,3
bề_mặt,3
kia,3
nhằm,3
Rugby,3
cận_kề,2
dập_dờn,2
thanh_thoát,2
phi_thân,2
chực_chờ,2
phụ_thuộc,2
biết,2
Chicago_Bulls,2
tâm_thế,2
cây_xanh,2
dày_dạn,2
gồ_ghề,2
công_bố,2
cực_đại,2
tầm_cỡ,2
hải_trình,2
nhỏ_bé,2
dạo,2
tập_thể,2
bất_chấp,2
chìm_đắm,2
khích_lệ,2
định_hình,2
hô,2
ẩn_chứa,2
cuồn,2
thân_yêu,2
đủ,2
cảnh_giác,2
liên_tục,2
ngay_lập_tức,2
áo_khoác,2
quý,2
miếng,2
khác,2
bắt_tay,2
loé,2
đèn_chiếu,2
hình_mẫu,2
chói_lọi,2
nhạy_bén,2
cá_đuối,2
đối_kháng,2
buộc,2
vào_anh,2
báo_hiệu,2
Rugby_Sevens,2
nặng_nề,2
bí_mật,2
cường_tráng,2
tiềm_ẩn,2
ganh_đua,2
rạn,2
giáng,2
inch,2
lực_lưỡng,2
bập_bềnh,2
yếu_tố,2
cao_vút,2
chống,2
băng_giá,2
khen_ngợi,2
cưng,2
tia_sáng,2
ngay_ngắn,2
thắng_bại,2
nắm_bắt,2
thần_tiên,2
chú_tâm,2
trống,2
bạc,2
khoảng,2
sắc_thái,2
biểu_lộ,2
áo_mưa,2
tối_tăm,2
thiết_bị,2
quyết_thắng,2
thông_minh,2
kinh_điển,2
phấn_chấn,2
lông,2
Newport,2
Olympic_London,2
đón_nhận,2
vuốt_ve,2
đương_đầu,2
âu_yếm,2
áo_quần,2
chung,2
kỳ_bí,2
bàn_bạc,2
Ohio,2
ngọt_ngào,2
lên_dây,2
miệt_mài,2
dày_đặc,2
sân_quần,2
chúng_ta,2
thích_thú,2
tuyển_thủ,2
ngón,2
vest,2
liên_kết,2
vắt,2
lỡ_cơ,2
Uruguay,2
hội,2
khuấy_động,2
ngời,2
thành_phố,2
rạng,2
mối,2
Bolt,2
điên_cuồng,2
tô_điểm,2
cường_lực,2
cưỡng,2
bà_cụ,2
sang_trọng,2
tuổi_tác,2
lên_nước,2
adrenaline,2
suy_nghĩ,2
ngát,2
định_mệnh,2
sạch,2
đại_diện,2
khơi_gợi,2
thống_nhất,2
liên_tiếp,2
Italia,2
áo_phao,2
mẽ,2
thần_tốc,2
km,2
rộng_mở,2
cơ,2
cỗ,2
Tashkent,2
bùn_đất,2
máy,2
tích_tắc,2
đêm_tối,2
thấp,2
sân_vận_động_viên,2
vùng_biển,2
huấn_luyện,2
kiên_quyết,2
thôi,2
chữ,2
tuôn,2
bất_tận,2
thớ,2
tròn,2
soi_rọi,2
bến,2
trò_chuyện,2
nhuộm,2
thu,2
mù_mịt,2
tính_toán,2
sử_dụng,2
phấp_phới,2
nhễ_nhại,2
vui_mừng,2
tranh_thủ,2
vực,2
u_ám,2
trong_veo,2
hoạ,2
xanh_xanh,2
Pháp,2
nhóc,2
tả,2
Ironman,2
flash,2
LeBron_James,2
vị,2
lộn_nhào,2
vị_thế,2
9,2
da,2
sải,2
NBA,2
water,2
cong,2
uốn,2
sinh_tử,2
chiêu_thức,2
đều_đặn,2
ramp,2
đâu,2
vận_dụng,2
vô_biên,2
găng,2
khai_thác,2
ngả,2
trông,2
cọc,2
thoăn_thoắt,2
thông,2
xé,2
đồng_đều,2
tay_chơi,2
trang_thiết_bị,2
cuộc_chơi,2
bỏ_cuộc,2
gái_nhảy,2
podium,2
hợp_tác,2
im_lặng,2
vang_dậy,2
dục,2
giằng_co,2
xem_xét,2
ghế,2
48,2
phức_tạp,2
bộc_lộ,2
nội_dung,2
rẽ,2
cẩn_trọng,2
kêu_gọi,2
2020,2
mây,2
21,2
Barcelona,2
đồng_thời,2
vương_vãi,2
ngăn,2
bước_tiến,2
đứng_tim,2
anh_hùng,2
lượn_lờ,2
nguồn,2
vẽ,2
cản_trở,2
cân_nhắc,2
châu_Âu,2
biểu_hiện,2
dành,2
tắc,2
chiếm_lĩnh,2
tạ_sự,2
squat,2
khổ_luyện,2
lực_lượng,2
trùm,2
tài_tình,2
cật_lực,2
né,2
chỉ_đạo,2
chăm_sóc,2
quây_quần,2
lốc,2
tiếp_tục,2
giảng_viên,2
lắng_nghe,2
tức_giận,2
nhé,2
lùi_bước,2
nở,2
võ_thuật,2
thẻ_vàng,2
vẫy_vùng,2
lo_lắng,2
chúc_mừng,2
Sonora,2
vắng_lặng,2
tham_gia,2
dạn_dày,2
Serena_Williams,2
kích_thích,2
1,2
vang_dội,2
dù,2
cửa_sổ,2
Tirana,2
chuyển,2
sang,2
vây,2
lối,2
bóng_tối,2
nền_tảng,2
công_cụ,2
cha,2
truyền_thống,2
giành_giật,2
giống,2
túi,2
khí_chất,2
thân,2
địa_điểm,2
nhiệt_liệt,2
thổn_thức,2
vật_lộn,2
thuyết_phục,2
tuyệt_chiêu,2
áp,2
đơn_giản,2
sự_kiện,2
hài_hước,2
ổn_định,2
ướt_át,2
sáng_qua,2
cán,2
diện_mạo,2
vật_dụng,2
thoải_mái,2
sức_bật,2
dắt,2
xinh,2
gian_nan,2
vòng_tròn,2
đánh_đầu,2
tưng_bừng,2
lái_xe,2
mịn,2
Muay_Thai,2
đa_dạng,2
bong_bóng,2
phục_vụ,2
nghiêng_mình,2
chạy_đua,2
khá,2
đeo,2
quyền,2
định_đoạt,2
đậm_nét,2
cảm_động,2
thực_thụ,2
xinh_đẹp,2
4,2
WWE,2
giao,2
xám_xịt,2
định_hướng,2
giao_lưu,2
hình_bóng,2
bình_minh,2
quốc_tế,2
gờm,2
Olympic_Paris,2
bất_kỳ,2
tắt,2
Giải,2
27,2
khoác_áo,2
giảm,2
hiện_thân,2
mịn_màng,2
ươm,2
bó,2
nóng_lòng,2
Nga,2
bắt_mắt,2
bí_quyết,2
quốc_gia,2
râm_ran,2
xao_xuyến,2
TNA,2
thoả,2
vua,2
lần_lượt,2
ác_liệt,2
màn_hình,2
căn_chỉnh,2
cổng,2
bàn_luận,2
gợi_cảm,2
phản_ứng,2
trao,2
mờ,2
chật_chội,2
dáng_vẻ,2
Muay_Thái,2
đích_thực,2
8,2
sóng_gió,2
ông,2
tượng_trưng,2
rắn_chắc,2
động_thái,2
tốc_lực,2
dần,2
pedan,2
mát_rượi,2
ngược_lại,2
2,2
trỗi,2
vòng_đai,2
bùng_phát,1
kilômét,1
trong_sáng,1
13,1
băng_rôn,1
tuyệt_phẩm,1
nghìn,1
chọn,1
cừ_khôi,1
xô_bồ,1
tự,1
động,1
ùa,1
khác_biệt,1
Lions,1
ôm_ấp,1
Canada,1
lo,1
núi_lửa,1
ngựa_chứng,1
dồn_nén,1
tạm_thời,1
10,1
lúng_túng,1
chói_loà,1
EURO,1
loay_hoay,1
dribble,1
lâu,1
đường_đi_nước_bước,1
sặc_sỡ,1
lâu_dài,1
quật_cường,1
giao_hưởng,1
tổng_hợp,1
dát,1
yếu_ớt,1
bản,1
hẻm,1
sở,1
lập_tức,1
mai,1
cùng_tận,1
đường_băng,1
kimono,1
360,1
biên_độ,1
chìa_khoá,1
sân_nhà,1
Tokyo,1
tổ_chức,1
chuyển_hướng,1
kẻ,1
quay_cuồng,1
vàng_trắng,1
chào_mừng,1
giảm_sút,1
khí_động_học,1
gửi,1
hoá_giải,1
dự_báo,1
tuyệt_hảo,1
phạt_góc,1
tiết_chế,1
hiền_hoà,1
mưu_mô,1
david,1
nhạt,1
chiêu,1
trông_chờ,1
réo,1
bí,1
đời,1
mê_đắm,1
hưởng_thụ,1
trai_trẻ,1
Irish,1
hưởng,1
lề,1
ôm_chầm,1
lễ_hội,1
thắm_thiết,1
ngớt,1
thảm_đỏ,1
đồ_hoạ,1
xà_đơn,1
3,1
sướng,1
thẳng_tắp,1
độ_chính_xác,1
trời_đất,1
máu,1
rival,1
Super_League_Triathlon,1
ào_ào,1
kỹ,1
lộ,1
gân,1
đảo,1
chiến_tích,1
phát_huy,1
game,1
nguỵ_trang,1
703,1
Cozumel,1
du_lịch,1
dòng_chảy,1
trời_biển,1
ngôi,1
góp_phần,1
so_sánh,1
cung_kéo,1
thông_qua,1
Olympics,1
tan,1
gợi_mở,1
ngột_ngạt,1
tâm_thức,1
sao,1
Cực_kỳ,1
tay_trong,1
chị,1
uốn_lượn,1
pose,1
tranh_cãi,1
liều_lĩnh,1
hiện_diện,1
một_hơi,1
chân_vịt,1
khép,1
tuyệt_kỹ,1
lẫn_lộn,1
hông,1
mức,1
đơn_độc,1
gào_thét,1
ngỡ,1
an_toàn,1
bọc,1
vỏ,1
đối_lập,1
khẽ,1
cắm_cúi,1
đông_anh,1
làn_đường,1
nín_lặng,1
2014,1
Varsity,1
ngoan_cường,1
Sonora_High_School,1
áo_tắm,1
bão_tố,1
nhân_tạo,1
hạ_mình,1
LeBron,1
loạng_choạng,1
lâm,1
Chargers,1
khách_khứa,1
vết,1
hiếm,1
ồn_ào,1
dư_âm,1
nói,1
khí_phách,1
bề,1
chỏng_chơ,1
võ,1
nhựa_sống,1
MIKASA,1
duỗi,1
Tony_Parker,1
uống,1
Parker,1
giày_dép,1
thiết_yếu,1
pha_trộn,1
quả_cảm,1
kể,1
giỏi,1
chứng_nhận,1
cất_bước,1
đường_cong,1
tại_trận,1
như_thế,1
hạng_mục,1
ngưng_đọng,1
San_Antonio_Spurs,1
Miami_Heat,1
chốn,1
sự_hưng_phấn,1
nới,1
những_ai,1
khẩu_hiệu,1
khô_cằn,1
lùa,1
nắng_gió,1
truất_phế,1
nước_mắt,1
cô_độc,1
ấm_cúng,1
cabin,1
mơ_mộng,1
nhoè,1
cây_cọ,1
làm_quen,1
tài_ba,1
văng_vẳng,1
thun,1
bàn_chân,1
lỏng,1
rồng,1
mảng,1
xa_xăm,1
lắt_léo,1
tình_hình,1
nếu,1
khối_lượng,1
chuẩn,1
triathlète,1
thì,1
chân_giả,1
hoà_hợp,1
thích_hợp,1
cấm,1
siêu_sao,1
mây_xanh,1
cao_đẹp,1
điểm_xuyết,1
công_nghệ,1
núp,1
một_chút,1
kiểu_dáng,1
kỹ_càng,1
va,1
xúc_cảm,1
hoà_nhạc,1
nhào,1
lật,1
tuổi_thơ,1
đối_tác,1
tán_dương,1
rướm,1
truy_tìm,1
kim_loại,1
mảnh,1
tịch_mịch,1
phần_phật,1
lốp,1
Bản,1
óng_ánh,1
bất_lực,1
Toronto_Raptors,1
đầu_óc,1
nhờ,1
Iron_Triathlon,1
500,1
quay_tít,1
loạn,1
ngã_ngũ,1
Nebraska,1
hiệu_quả,1
khắc,1
náo_loạn,1
cổ_kính,1
chơi_đùa,1
ồ,1
ẩn_hiện,1
bảng,1
lủng_lẳng,1
căn,1
chuyển_mình,1
gắng,1
sự_cố,1
gắt_gao,1
Boxing,1
nghiêm_trang,1
tàu_thuyền,1
nhọn,1
bao_nhiêu,1
nhạc,1
green,1
thức_tỉnh,1
bạt,1
Chicago,1
mệt_mỏi,1
thoáng,1
gập_ghềnh,1
playoffs,1
sai_lầm,1
chỗ,1
hình_dáng,1
ngôi_vị,1
nó,1
hạ_cánh,1
hole,1
công,1
sát_sao,1
thẩm_mỹ,1
nâng_đỡ,1
sa_chân,1
cảng,1
cải_thiện,1
yên_lặng,1
nhô,1
linh_hồn,1
to,1
đích_thật,1
vù_vù,1
ga,1
toàn_cảnh,1
nổ,1
bản_sắc,1
rùng_rợn,1
sấm,1
chấn_động,1
rê,1
tín_đồ,1
thuyền_viên,1
tiên_phong,1
sứ_mệnh,1
kickbox,1
rõ_rệt,1
tươi_rói,1
lên_tiếng,1
Jamaica,1
khoác,1
tiệc,1
bữa,1
thở_dốc,1
khói,1
song_song,1
xe_hơi,1
lấp_loá,1
lấm_tấm,1
tuần,1
vui_sướng,1
kìm_nén,1
khôn_xiết,1
judoka,1
showdown,1
bất_cứ,1
thủ_lĩnh,1
La_Liga,1
châm,1
sục_sôi,1
cứng,1
cây_cối,1
quân,1
ngổn_ngang,1
Đào_tạo,1
tưởng_chừng,1
bây_giờ,1
tiếng_vang,1
lịm,1
mát_lành,1
nối_tiếp,1
giỏ,1
cột_số,1
kiên_nghị,1
động_vật,1
El_Clasico,1
vững_mạnh,1
trang_trọng,1
kĩ_lưỡng,1
lật_ngược,1
tiếc,1
tetiana,1
đấu_võ_sĩ,1
khẩn_trương,1
vô_giá_trị,1
lạc,1
thường_phục_vụ,1
World_Team,1
suối,1
nhỏ_tuổi,1
thơ,1
đàn_ông,1
hết_mức,1
gặt_hái,1
chỗ_đứng,1
giờ_chính_thức,1
yêu_thương,1
nựng,1
ngày_đêm,1
vất_vả,1
giờ_phút,1
tươm,1
tatami,1
derby,1
Real,1
chuyên_tâm,1
messi,1
danh_tiếng,1
Ramos,1
Marcelo,1
kroos,1
chỉnh_trang,1
xanh_đỏ,1
ngất_ngây,1
Ski,1
cơn_sốt,1
chéo,1
Cổ_điển,1
dữ,1
phăng_phăng,1
chễm_chệ,1
tối_ưu,1
nóng_rực,1
kình_địch,1
dướn,1
sợ_hãi,1
OZARK,1
vắng_vẻ,1
tập_quyền_anh,1
cộng_hưởng,1
hôn,1
khan,1
sinh_vật,1
xúc_động,1
mưa_rào,1
tác_động,1
quý_báu,1
đọng,1
chan_hoà,1
khẩu_trang,1
chèo_kéo,1
đổ_xô,1
chục,1
toạc,1
cổ_điển,1
xem_thường,1
hiện_tại,1
trào_dâng,1
dojo,1
tôn,1
phố_phường,1
ngăn_nắp,1
bố_trí,1
khổ,1
quần,1
suốt,1
công_viên,1
tươi_cười,1
cực_kì,1
viết,1
sói,1
đầm,1
bằng_chứng,1
thư_hùng,1
áp_dụng,1
rà_soát,1
dịu,1
màu_cờ_sắc_áo,1
thân_hình,1
phụ_kiện,1
lờ_mờ,1
camera,1
bình,1
chèn,1
run_sợ,1
vô_lê,1
thiếu,1
trang_nhã,1
trường_bắn,1
đường_bay,1
hào_hùng,1
cao_sang,1
hazard,1
đặc_chế,1
bột,1
giải_thể,1
sừng_sững,1
tâm_sự,1
nhắc,1
đề_kháng,1
chứng_nhân,1
25kg,1
đợi_chờ,1
gôn,1
vách,1
phông_nền,1
2011,1
Daegu,1
100m,1
sông_nước,1
mái_tóc,1
bày_biện,1
số_báo_danh,1
408,1
buốt,1
press,1
bench,1
thi_thể,1
hạt,1
cyclist,1
một_mạch,1
uả,1
ly_kỳ,1
gooooooaaaaalll,1
hét,1
tiếp_xúc,1
vụt,1
lò_xo,1
truy,1
Hornets,1
thu_hẹp,1
phương_tiện,1
thúc_ép,1
lao_xao,1
khai_cuộc,1
mép,1
ùm,1
lặng,1
nao,1
hẹp,1
vườn,1
chạy_nhảy,1
biểu_trưng,1
biến_đổi,1
luồn,1
thép,1
pedal,1
bạt_ngàn,1
leo_trèo,1
cao_tăng,1
rút,1
giáp,1
tay_trái,1
hứng_gió,1
banh,1
nồng_nàn,1
bước_nhảy_vọt,1
mê_mải,1
cr7,1
sượt,1
thất_bại,1
sai_sót,1
AEW,1
nở_rộ,1
hình_khối,1
cấp,1
hãnh_diện,1
nhãn_cầu,1
ưng,1
siêu_đẳng,1
xa_xa,1
hoang_mang,1
16,1
mong_muốn,1
chống_trả,1
đả,1
bại,1
ghi_nhớ,1
hoá,1
dễ_thương,1
bé_nhỏ,1
ngộ_nghĩnh,1
tại_chỗ,1
trang_trí,1
truyền_đạt,1
âm_thầm,1
Paris,1
led,1
nguyên_khí,1
tỷ_thí,1
choáng_váng,1
sở_hữu,1
âm_nhạc,1
chật_vật,1
hiệu_ứng,1
U23,1
phá_huỷ,1
ngỡ_ngàng,1
mỹ_thuật,1
xác_định,1
Juventus_Gianluigi_Buffon,1
thất_vọng,1
milimet,1
bơi_ếch,1
tham_vọng,1
phẩm,1
siêu,1
lập,1
khôn,1
giang,1
đường_hầm,1
chỉ_huy,1
mít,1
dọi,1
Champions_League,1
Chung_kết,1
khôn_ngoan,1
benzema,1
lập_công,1
Atlanta_United,1
mầm,1
đan_xen,1
thoảng,1
kém,1
phân_tích,1
định,1
tiến_hành,1
jersey,1
thống_trị,1
từ_trần,1
ném_biên,1
dàn,1
thì_thầm,1
đi_ngoài,1
phục,1
bội,1
mạch,1
khu,1
nhất_là,1
chút,1
chần_chừ,1
trung_thành,1
gặp_gỡ,1
tiết_lộ,1
kế_hoạch,1
xoạc,1
đài,1
so_găng,1
trạng_thái,1
may,1
ngõ_ngách,1
gỡ_gạc,1
nức_lòng,1
gấp_rút,1
tiếng_động,1
triệu,1
chắc_nịch,1
phản,1
mô_hình,1
dõng_dạc,1
khiết,1
học,1
100,1
lo_âu,1
từ_bỏ,1
thanh_bình,1
hạt_giống,1
nhấn_nhá,1
mải_mê,1
điển_hình,1
cát_đen,1
thinh_lặng,1
ảnh_hưởng,1
xuất,1
đồ_sộ,1
dơ,1
im_ắng,1
thao_tác,1
thầy_trò,1
tôn_trọng,1
kính_trọng,1
mạnh_tay,1
vòng_tay,1
đồi_núi,1
Roland_Garros,1
quyền_lực,1
hò_hét,1
hành_lang,1
bền_chặt,1
bóng_loáng,1
đung_đưa,1
Club_Natació_Sabadell,1
quanh_co,1
Rugby_World_Cup,1
rón_rén,1
Gold_Coast,1
màu_nước,1
khởi_tranh,1
cá_tính,1
tối_đa_hoá,1
đầy_đủ,1
tự_tôn,1
đánh_gục,1
cất_tiếng,1
huỷ_diệt,1
chối_cãi,1
roger,1
xăm,1
tán_thưởng,1
đọ,1
thuỷ_triều,1
tươi_tốt,1
cánh_cung,1
kho,1
báu,1
mặc_kệ,1
bậc,1
thầy,1
khủng_khiếp,1
đảo_lộn,1
cất_cánh,1
có_mặt,1
chói_lói,1
trang_bị,1
thưởng,1
ngựa_chiến,1
vinh_danh,1
bánh,1
wang,1
trắng_muốt,1
thăm_dò,1
ngóc_ngách,1
hình_thành,1
khống_chế,1
xe_cút_kít,1
vừa_rồi,1
88,1
88-12,1
tỷ_số,1
đè_nén,1
to_lớn,1
rắn_rỏi,1
Nan,1
ngầu,1
vô_địch_dương,1
công_nhận,1
nhà_lao,1
nao_núng,1
dụng,1
đồ,1
xếp,1
đồ_dùng,1
thuộc,1
Thế,1
thiên_phú,1
khó_lòng,1
phim,1
thước,1
siêng_năng,1
lăn_lộn,1
lững_lờ,1
khói_sương,1
Juventus_Ronaldo,1
bụi_bặm,1
dạn_dĩ,1
nhân_gian,1
kịch_liệt,1
đầm_đìa,1
trau_dồi,1
ngùn_ngụt,1
đường_mòn,1
kinh_hoàng,1
tụ_hội,1
chỉnh_tề,1
chót,1
đăng_quang,1
tận_tâm,1
vặn,1
vòng_nguyệt_quế,1
chênh_lệch,1
sốc,1
mịt_mù,1
rét,1
chật,1
kín,1
nạp,1
hằn,1
ngập,1
tránh,1
cao_lớn,1
tuyệt_sắc,1
kĩ_năng,1
chèo_lái,1
lả_tả,1
đụn,1
khiếp_sợ,1
nắm_đấm,1
Canoeing,1
tụ_họp,1
bận_rộn,1
sơ_mi,1
ai_nấy,1
phán_quyết,1
trăm,1
nghi_thức,1
may_mắn,1
vũ_khí,1
vàng_võ_sĩ,1
mạ,1
hiệp,1
sàn_nhảy,1
bập_bênh,1
mừng,1
tee,1
dám,1
lễ_tân,1
thả_lỏng,1
giật,1
gram,1
kg,1
26,1
5,1
tạ_từ,1
Argentina,1
-,1
máu_lửa,1
clutching,1
hừng,1
vượt_rào,1
phi,1
ngoài_trời,1
như_vậy,1
cách_mạng_hoá,1
cũ,1
hút_hồn,1
liền,1
thực_hành,1
vô_giá,1
công_đường,1
lùi,1
xanh_lướt,1
thủng,1
barbell,1
chọc,1
thót_tim,1
thế_này,1
đạn,1
cao_quý,1
tôn_vinh,1
tập_thể_dục,1
ủng,1
ngại,1
thân_thiện,1
trôi_nổi,1
võ_đường,1
quy_tụ,1
hùng_dũng,1
giả_lập,1
Rio,1
đau,1
quá_sức,1
tiếp_cận,1
cổ_xưa,1
thành_quả,1
máy_ảnh,1
luồng,1
dãy,1
nghịch_ngợm,1
lâng_lâng,1
ranh_giới,1
đơn_sắc,1
chủ_lực,1
thần_bí,1
phân_định,1
lịch_lãm,1
ban_mai,1
gian_khổ,1
đĩa_bay,1
đỏ_lửa,1
dập_dềnh,1
xiết,1
vào_khoảng,1
đồng_cô,1
lừa,1
đa_năng,1
cam_kết,1
mời,1
b,1
smash,1
tràn_trề,1
hào_khí,1
trẻ_thơ,1
khôn_lường,1
tinh_vi,1
cành,1
tươi_vui,1
sử_thi,1
kẹt,1
thiên_thần,1
xà_bông,1
con_số,1
thông_điệp,1
cao_cấp,1
xếp_hàng,1
ghi_đông,1
quang_cảnh,1
phép,1
Bridgestone,1
phút_chốc,1
hữu_tình,1
xáo_trộn,1
đỏ_chói,1
bóng_mát,1
sớm_mai,1
rợp,1
xô_đẩy,1
Olympic_Tokyo,1
ngầm,1
synchronized,1
rì_rào,1
manh,1
co_giật,1
len_lỏi,1
thênh_thang,1
caddy,1
thảnh_thơi,1
giật_gân,1
ngắn,1
vui_tươi,1
đồng_hồ,1
chướng_ngại,1
mạn,1
boxe,1
rèn_giũa,1
rạo_rực,1
sức_mạnh_mẽ,1
soát,1
18,1
quý_vị,1
vũ_công,1
lẫn,1
hoá_thân,1
bình_dị,1
thấm_đượm,1
London,1
rừng_núi,1
thần_kỳ,1
thể_chất,1
bảng_màu,1
đặc_sắc,1
tái_hiện,1
kỳ_cựu,1
buông_tha,1
mốc,1
ứng_viên,1
vải,1
hệ_thống,1
hoạt_động,1
đô_thị,1
thang,1
mã,1
kim,1
sỏi,1
cao_ốc,1
toà,1
lên_đường,1
phao,1
thân_mật,1
lo_sợ,1
quần_áo,1
tiêu_biểu,1
giò,1
vắng,1
bày_tỏ,1
lường,1
thế_lực,1
bóc,1
hùng_tráng,1
đầy_ắp,1
chính_diện,1
người_yêu,1
trong_trẻo,1
nâng_cấp,1
vó,1
mướt_mồ_hôi,1
vạn,1
chênh_vênh,1
hùng_hồn,1
nguy,1
tiêu_chuẩn,1
đáng_kể,1
bảo_chứng,1
triển,1
thái_độ,1
gấp,1
kịp_thời,1
lọt_lưới,1
nể,1
thuỷ_chiến,1
du_thuyền,1
tung_hoành,1
cộng,1
lời,1
thấu,1
bơi_sải,1
xoáy,1
then_chốt,1
ước_mơ,1
ngại_ngần,1
